{"TWO RED EMPTY DIAMOND": [89.0846339914217, 29.903354386392284, 160.18428878749654, 1.9695121951219512, 25.746311745807827, 34.08157082238075], "TWO RED EMPTY OVAL": [91.95872390470406, 31.472152908992125, 155.80074409555448, 1.9878048780487805, 21.8701066906891, 29.206900577815034], "TWO RED EMPTY SQUIGGLE": [93.06530855472165, 33.23944342143992, 149.19468323453188, 1.975609756097561, 23.62756198665297, 30.66058582757105], "TWO RED SOLID DIAMOND": [79.11231000295415, 57.976831885902136, 157.82239399616535, 2.0, 24.984732672379522, 7.473340578904539], "TWO RED SOLID OVAL": [73.09521033560424, 80.42254827486182, 154.06019767225078, 2.0, 21.00708533278093, 5.458220413647992], "TWO RED SOLID SQUIGGLE": [79.17746711027128, 67.20013881343228, 150.86668969094578, 1.9939024390243902, 29.232247055427024, 6.316333861908383], "TWO RED SHADED DIAMOND": [92.18362423521728, 31.668376660111957, 161.503414778382, 1.975609756097561, 26.777317829001813, 27.914095043266926], "TWO RED SHADED OVAL": [99.73593675962385, 36.2015670132061, 156.34170313958214, 1.9817073170731707, 19.74939700087441, 24.162945681592458], "TWO RED SHADED SQUIGGLE": [97.74751701045493, 36.37533608235746, 151.38747965342858, 1.975609756097561, 22.0326296775077, 24.468088643066952], "TWO PURPLE EMPTY DIAMOND": [81.81507110014918, 25.443842527820095, 159.8930511550336, 2.0121951219512195, 27.767209806798164, 38.977952900654195], "TWO PURPLE EMPTY OVAL": [88.67907226578677, 25.174231825109505, 158.6507896633273, 2.0, 18.851983701997806, 34.629084444205354], "TWO PURPLE EMPTY SQUIGGLE": [89.64606581311236, 25.010679045288388, 159.09706670149703, 2.0, 26.65242593617233, 38.93008961568723], "TWO PURPLE SOLID DIAMOND": [89.53297827330726, 50.507848821835346, 151.50399973396543, 2.0121951219512195, 24.88918750567267, 10.220185026816987], "TWO PURPLE SOLID OVAL": [96.22975719802538, 69.45784633777737, 144.08827326988037, 2.0060975609756095, 16.509169765636134, 7.596751010684984], "TWO PURPLE SOLID SQUIGGLE": [94.8674521364768, 56.13255761278289, 149.72409955570083, 2.0060975609756095, 28.16895546781567, 8.531402446385107], "TWO PURPLE SHADED DIAMOND": [85.5652029154827, 25.38751237354676, 160.27054770005614, 1.9878048780487805, 27.91352016085431, 31.979276149998235], "TWO PURPLE SHADED OVAL": [91.49529271017136, 26.397241600545314, 159.4920873405461, 1.9939024390243902, 23.315832716529542, 31.22924570919547], "TWO PURPLE SHADED SQUIGGLE": [91.19560059980651, 26.570443476463147, 160.06387541354215, 1.975609756097561, 21.903004021259704, 32.35998852771347], "TWO GREEN EMPTY DIAMOND": [74.14964632890955, 32.61924172661794, 153.79470730051278, 1.9817073170731707, 26.107004431330633, 28.78143236253621], "TWO GREEN EMPTY OVAL": [76.31806786232654, 31.8177083416803, 155.87497188740858, 1.9817073170731707, 24.010975604750588, 26.689314195080037], "TWO GREEN EMPTY SQUIGGLE": [75.25759721080357, 29.48253346667115, 158.9326232667018, 1.9817073170731707, 27.86169185361544, 30.130962798965555], "TWO GREEN SOLID DIAMOND": [65.61241083433896, 59.59523384066881, 144.0547451650349, 2.018292682926829, 24.806033241827198, 7.2821663835413135], "TWO GREEN SOLID OVAL": [69.41349308229923, 79.6801154365772, 144.3053278502428, 2.024390243902439, 20.13196982355413, 5.992346200462442], "TWO GREEN SOLID SQUIGGLE": [68.32343262620482, 64.36784624696242, 149.47353022564332, 2.0121951219512195, 24.978461700452282, 6.856521751221836], "TWO GREEN SHADED DIAMOND": [67.7423795512349, 32.89575851110373, 152.4788177967528, 1.975609756097561, 37.2517338050721, 20.115057652857914], "TWO GREEN SHADED OVAL": [67.78152069220276, 31.719309998146304, 156.05262116193003, 1.975609756097561, 29.266450274304926, 19.30787284777186], "TWO GREEN SHADED SQUIGGLE": [70.01566812878855, 29.709564878518893, 159.0179033802953, 1.9817073170731707, 27.526576596462075, 23.019964797549804], "ONE RED EMPTY DIAMOND": [81.88448934322238, 26.274014331129585, 159.28210375844748, 1.0, 26.163590407197404, 34.429333429510876], "ONE RED EMPTY OVAL": [82.00381548042648, 28.700137935915926, 155.9449157182722, 1.0, 19.737812954880066, 30.15846758453284], "ONE RED EMPTY SQUIGGLE": [82.79884310535107, 30.220822569270805, 149.78089757710686, 1.0, 32.76469417738343, 30.900068929036795], "ONE RED SOLID DIAMOND": [77.93866238418158, 40.84252314203835, 158.7892953710727, 1.0, 24.852800150679943, 7.3496156077205255], "ONE RED SOLID OVAL": [76.55161212524395, 52.84692528630024, 155.7178385774843, 1.0056497175141244, 16.500965530556467, 5.2618582944044245], "ONE RED SOLID SQUIGGLE": [77.66008529084897, 47.800139928172335, 151.23106635587467, 1.0056497175141244, 25.738958053242616, 6.222411069081882], "ONE RED SHADED DIAMOND": [82.63051154339358, 27.52520383815009, 162.14396069735906, 1.0, 30.357977012864527, 28.81723223441512], "ONE RED SHADED OVAL": [88.7204905059081, 31.155354424275632, 156.48998408545955, 0.9943502824858758, 27.428402109196895, 24.119104852263582], "ONE RED SHADED SQUIGGLE": [86.46456029477476, 32.32620748991897, 152.33103382393568, 1.0, 33.2299735592822, 25.291670022518957], "ONE PURPLE EMPTY DIAMOND": [68.69289750682103, 25.00470568494704, 161.8828048347237, 1.0, 27.24462501727598, 39.668246989981164], "ONE PURPLE EMPTY OVAL": [74.44558027809671, 24.30333131261609, 160.17007076470097, 1.0, 19.144647934439472, 36.06324934563831], "ONE PURPLE EMPTY SQUIGGLE": [79.86486128636163, 23.82213740901977, 160.454106269433, 1.0056497175141244, 24.828339079177617, 38.886260965557945], "ONE PURPLE SOLID DIAMOND": [75.02208410069234, 37.795688039370944, 157.32726363331383, 1.0056497175141244, 24.86952023697279, 9.677862142879718], "ONE PURPLE SOLID OVAL": [82.83536722916354, 46.38782872385828, 154.47798005986417, 1.0, 20.85766856033364, 7.171476450723976], "ONE PURPLE SOLID SQUIGGLE": [79.75714134217945, 39.99259474571447, 155.872204421844, 1.0, 22.83646178307229, 8.193525383724642], "ONE PURPLE SHADED DIAMOND": [71.04333083496951, 24.744273964215367, 163.3685728848454, 1.0, 26.063720798148083, 32.62457507376217], "ONE PURPLE SHADED OVAL": [77.35447562882602, 25.23129478477998, 161.83337150793633, 1.0, 19.17995976586593, 31.10573626418409], "ONE PURPLE SHADED SQUIGGLE": [77.79854055460703, 25.0042683784728, 161.5765952684034, 1.0, 26.991513974819235, 33.77439512882076], "ONE GREEN EMPTY DIAMOND": [69.9513757025643, 31.87444082249751, 154.54612834660412, 1.0, 33.39838502493382, 28.109338274830254], "ONE GREEN EMPTY OVAL": [68.92354165282299, 30.828886951079234, 157.03618420279236, 0.9830508474576272, 18.877636380840414, 26.11464084950251], "ONE GREEN EMPTY SQUIGGLE": [62.947246410813904, 28.359020819574713, 160.86138547946993, 0.9887005649717514, 24.18325592785965, 30.17287002645273], "ONE GREEN SOLID DIAMOND": [64.35766113549457, 43.401864603530434, 148.02906627890667, 1.0056497175141244, 30.439166346699082, 7.616241487845559], "ONE GREEN SOLID OVAL": [68.76999250985828, 53.063307227349455, 150.1726730723279, 1.0, 22.871263502793557, 5.905306723244474], "ONE GREEN SOLID SQUIGGLE": [66.61056398304773, 44.99422196137275, 156.8284992654019, 1.0056497175141244, 28.497963796296727, 6.821779386630782], "ONE GREEN SHADED DIAMOND": [64.41343552990126, 31.422479507910175, 154.5244784588201, 0.96045197740113, 30.312863358426107, 19.983304504637207], "ONE GREEN SHADED OVAL": [65.58777949903785, 29.236068033206084, 158.21765438657127, 0.9830508474576272, 24.785870009273914, 19.485269857116233], "ONE GREEN SHADED SQUIGGLE": [62.76702120169197, 27.520777440331617, 162.4805774177857, 0.9887005649717514, 29.68932874524738, 23.261727703169576], "THREE RED EMPTY DIAMOND": [91.08890698090975, 33.12474043350642, 161.5097620404199, 3.0, 29.594028454266926, 33.96758658372641], "THREE RED EMPTY OVAL": [93.55792191987845, 35.61579313409308, 158.1967031717443, 3.0, 16.284858139373156, 29.930670722400894], "THREE RED EMPTY SQUIGGLE": [94.103626025027, 36.613543482807025, 151.8955749857259, 2.993150684931507, 25.279143685935704, 31.13598673131489],